"Seq,cal","Seq,all",L,L/Hs,a,"a1,mea","a1,mean","a1,cal","a1/Hs,cal","a1,all","a1/Hs,all",a1/AD50,a1/AD90,a1/AD95,"hu,mea","hu,cal",qs,ys,ls,ys/Hs,ls/Hs
0.006415086,0.0063,3,24.29024256,0.048,0.0291,,0.028754743,0.232819898,0.0291,0.235615353,2.100324792,1.552413977,1.428220859,0.09,0.086390119,0,0.07,0.81,0.566772326,6.558365491
0.005476402,0.0049,3,21.47795824,0.048,0.0333,,0.031570793,0.226025391,0.0333,0.238405336,2.403464453,1.776473726,1.634355828,0.11,0.101197824,0,0.1,1.1,0.715931941,7.875251356
0.005373073,0.0059,4,28.21613166,0.064,0.0404,,0.042507709,0.299850775,0.0404,0.28498293,2.915914832,2.155241398,1.982822086,0.116,0.103143958,0,0.112,1.27,0.790051687,8.958621803
0.005322974,0.0055,2,14.00564737,0.032,0.021,,0.021354052,0.149538659,0.021,0.147059297,1.515698304,1.120298746,1.030674847,0.111,0.104114727,0,0.1,1.19,0.700282368,8.333360183
0.005178565,0.0041,5,34.27304392,0.0825,0.062,,0.056607177,0.38802005,0.062,0.424985745,4.474918802,3.30754868,3.042944785,0.11,0.107018071,0,0.171,1.85,1.172138102,12.68102625
0.00681153,0.0068,6,50.89990049,0.078,0.0372,,0.037130817,0.314992484,0.0372,0.315579383,2.684951281,1.984529208,1.825766871,0.095,0.081362038,0,0.09,1.04,0.763498507,8.822649418
0.004093074,0.0051,3,17.12562077,0.039,0.0237,,0.026720777,0.152536632,0.0237,0.135292404,1.7105738,1.264337157,1.163190184,0.13,0.135399448,0,0.101,1.17,0.576562566,6.678992101
0.004150055,0.0061,6,34.62152972,0.078,0.0414,,0.053099671,0.306398642,0.0414,0.238888555,2.988090942,2.208588957,2.03190184,0.132,0.133540406,0,0.164,1.84,0.946321812,10.61726911
0.004150055,0.006,5,28.85127476,0.065,0.035,,0.044249726,0.255332202,0.035,0.201958923,2.52616384,1.867164577,1.717791411,0.135,0.133540406,0,0.139,1.59,0.802065438,9.174705375
0.004150055,0.0058,4,23.08101981,0.052,0.0288,,0.035399781,0.204265761,0.0288,0.166183343,2.07867196,1.536409709,1.413496933,0.13,0.133540406,0,0.13,1.49,0.750133144,8.59767988
0.004150055,0.0058,2,11.54050991,0.026,0.0144,,0.01769989,0.102132881,0.0144,0.083091671,1.03933598,0.768204855,0.706748466,0.132,0.133540406,0,0.11,1.28,0.634728045,7.38592634
0.00208728,0.0037,6,42.0169421,0.051,0.0288,,0.03847632,0.269442886,0.0288,0.201681322,4.309441867,3.212493028,3.020292591,0.14,0.128070983,0,0.204,2.22,1.428576031,15.54626858
0.00208728,0.0037,5,35.01411842,0.0425,0.024,,0.0320636,0.224535738,0.024,0.168067768,3.591201556,2.677077524,2.516910492,0.13,0.128070983,0,0.14,1.71,0.980395316,11.9748285
0.00208728,0.0037,3,21.00847105,0.0255,0.0144,,0.01923816,0.134721443,0.0144,0.100840661,2.154720934,1.606246514,1.510146295,0.13,0.128070983,0,0.12,1.6,0.840338842,11.20451789
0.00208728,0.00208728,5.5,38.51553026,0.04675,,,0.03526996,0.246989312,0.03526996,0.246989312,5.277563982,3.934184059,3.698805526,0.135,0.128070983,0,0.16,2,1.120451789,14.00564737
0.00208728,0.0039,6.5,45.51835394,0.05525,0.0299,,0.04168268,0.291896459,0.0299,0.209384428,4.474038605,3.335192415,3.135650988,0.132,0.128070983,0,0.205,2.26,1.435578855,15.82638152
0.00208728,0.003,6.5,45.51835394,0.065,0.0455,,0.05143268,0.36017399,0.0455,0.318628478,6.808319617,5.075292805,4.771642808,0.131,0.128070983,0,0.258,2.7,1.80672851,18.90762394
0.002670983,0.0023,6.5,55.14155887,0.078,0.06305,,0.060638613,0.514416564,0.06305,0.534873121,9.434385755,7.032905745,6.612133606,0.115,0.100083019,0,0.236,2.41,2.002062753,20.44479336
0.002670983,0.0023,6.5,55.14155887,0.078,0.06305,,0.060638613,0.514416564,0.06305,0.534873121,9.434385755,7.032905745,6.612133606,0.113,0.100083019,0,0.238,2.5,2.019029386,21.20829187
0.06931386,0.068,1.05,21.42265154,0.082425,0.011025,,0.009645447,0.19679147,0.011025,0.224937841,0.79574161,0.187883436,0.151995588,,,0,0.05,0.21,1.020126264,4.284530307
0.062690063,0.065,1.05,19.81278313,0.082425,0.014175,,0.016600433,0.313238844,0.014175,0.267472572,1.023096355,0.241564417,0.195422899,,,0,0.066,0.3,1.24537494,5.660795181
0.055852701,0.053,1.05,18.1107487,0.082425,0.026775,,0.023779664,0.41015955,0.026775,0.461824092,1.932515337,0.456288344,0.369132143,,,0,0.082,0.38,1.414363232,6.554366196
0.049346181,0.046,1.05,16.44747544,0.082425,0.034125,,0.03061151,0.479506727,0.034125,0.534542952,2.463009744,0.581543967,0.470462535,,,0,0.095,0.42,1.488104921,6.578990176
0.046873225,0.044,1.05,15.80274291,0.082425,0.036225,,0.033208113,0.499789789,0.036225,0.545194631,2.614579574,0.617331288,0.499414076,,,0,0.106,0.42,1.595324523,6.321097165
0.153807056,0.096,1.05,39.82041688,0.120225,0.019425,,-0.041272409,-1.565223355,0.019425,0.736677712,1.402020931,0.33103272,0.267801751,,,0,0.035,0.15,1.327347229,5.688630984
0.096997089,0.088,1.05,27.82153155,0.120225,0.027825,,0.018378057,0.486957797,0.027825,0.737270586,2.008300253,0.474182004,0.383607913,,,0,0.064,0.19,1.69578859,5.034372375
0.077259045,0.076,1.05,23.30930401,0.120225,0.040425,,0.039103003,0.868060741,0.040425,0.897408204,2.917719235,0.68890593,0.557317157,,,0,0.075,0.25,1.664950287,5.549834289
0.062690063,0.062,1.05,19.81278313,0.120225,0.055125,,0.054400433,1.026499037,0.055125,1.040171114,3.978708048,0.939417178,0.759977942,,,0,0.106,0.3,2.00014763,5.660795181
0.055852701,0.053,1.05,18.1107487,0.120225,0.064575,,0.061579664,1.062146503,0.064575,1.113811045,4.660772284,1.100460123,0.890259875,,,0,0.122,0.35,2.104296516,6.036916233
0.165540082,0.104,1.05,42.16361515,0.1554,0.0462,,-0.018417086,-0.739553263,0.0462,1.855199067,3.334536268,0.787321063,0.636933894,,,0,0.071,0.18,2.851063501,7.228048312
0.117442267,0.09,1.05,32.28402754,0.1554,0.0609,,0.03208562,0.9865267,0.0609,1.872473597,4.395525081,1.037832311,0.839594678,,,0,0.095,0.2,2.920935825,6.149338579
0.082963881,0.073,1.05,24.63732409,0.1554,0.07875,,0.068287925,1.602315939,0.07875,1.847799307,5.683868639,1.34202454,1.085682774,,,0,0.133,0.3,3.120727718,7.039235454
0.002659904,0.002659904,2.5,47.89233723,0.0235,,,0.01685024,0.322798949,0.01685024,0.322798949,5.743094721,4.494595869,4.307321041,0.05,0.044121893,0,0.084,1.25,1.609182531,23.94616861
0.001827769,0.001827769,2.5,35.77102484,0.0175,,,0.012930576,0.185015987,0.012930576,0.185015987,4.407149392,3.449073437,3.305362044,0.065,0.06420941,0,0.097,1.65,1.387915764,23.6088764
0.002641357,0.002641357,2.5,47.63240516,0.01775,,,0.011146607,0.212375875,0.011146607,0.212375875,3.79911612,2.973221312,2.84933709,0.05,0.044431701,0,0.071,1.35,1.352760306,25.72149878
0.002215541,0.002215541,2.5,41.54524146,0.01575,,,0.010211147,0.169689819,0.010211147,0.169689819,3.480281703,2.723698724,2.610211277,0.062,0.052971251,0,0.068,1.47,1.130030568,24.42860198
0.002623089,0.002623089,2.5,47.37597151,0.0155,,,0.008942279,0.169459655,0.008942279,0.169459655,3.0478114,2.385243704,2.28585855,0.05,0.044741151,0,0.058,1.43,1.099122539,27.0990557
0.002001525,0.002001525,2.5,38.38898575,0.01475,,,0.009746187,0.149658499,0.009746187,0.149658499,3.321808907,2.599676536,2.49135668,0.071,0.058635289,0,0.083,1.25,1.274514327,19.19449288
0.00191495,0.00191495,2.5,37.09117274,0.0255,,,0.020712624,0.307302209,0.020712624,0.307302209,7.059517452,5.524839745,5.294638089,0.07,0.061286185,0,0.095,1.9,1.409464564,28.18929129
0.002623089,0.002623089,2.5,47.37597151,0.0255,,,0.018942279,0.358963541,0.018942279,0.358963541,6.456127692,5.052621672,4.842095769,0.05,0.044741151,0,0.087,1.5,1.648683809,28.42558291
0.002307541,0.002307541,2.5,42.88093611,0.0275,,,0.021731148,0.372740785,0.021731148,0.372740785,7.406662519,5.796518493,5.554996889,0.06,0.050859338,0,0.102,1.55,1.749542193,26.58618039
0.001905828,0.001905828,2.5,36.95367052,0.0275,,,0.02273543,0.33606304,0.02273543,0.33606304,7.748953749,6.064398586,5.811715312,0.07,0.061579538,0,0.11,1.63,1.625961503,24.09379318
0.002085952,0.002085952,2.5,39.64264067,0.021,,,0.015785119,0.250305522,0.015785119,0.250305522,5.380067873,4.210487901,4.035050905,0.065,0.056262072,0,0.084,1.98,1.331992727,31.39697141
0.002678735,0.002678735,2.5,48.15584473,0.021,,,0.014303162,0.275512337,0.014303162,0.275512337,4.87496997,3.81519389,3.656227478,0.06,0.043811721,0,0.069,1.52,1.329101314,29.27875359
0.064833388,0.021357143,0.525,10.16883147,0.0412125,0.03,,0.007174971,0.138973478,0.03,0.581076084,2.165283291,0.511247444,0.413593438,,,0,0.031,0.2,0.600445287,3.87384056
0.050665038,0,0.525,8.394185429,0.0412125,0.0412125,,0.014613355,0.233651836,0.0412125,0.658943556,2.974557921,0.702326176,0.568173985,,,0,0.052,0.25,0.831424081,3.997231157
0.041844911,0,0.525,7.233889713,0.0412125,0.0412125,,0.019243922,0.265158875,0.0412125,0.567860342,2.974557921,0.702326176,0.568173985,,,0,0.058,0.26,0.799172578,3.582497763
0.035790932,0,0.525,6.40596241,0.0412125,0.0412125,,0.022422261,0.273592686,0.0412125,0.502868049,2.974557921,0.702326176,0.568173985,,,0,0.061,0.3,0.744311823,3.660549949
0.03043177,0,0.525,5.646680499,0.0412125,0.0412125,,0.025235821,0.271425937,0.0412125,0.443264419,2.974557921,0.702326176,0.568173985,,,0,0.07,0.34,0.752890733,3.656897847
0.096997089,0.057357143,0.525,13.91076577,0.0601125,0.03,,0.009189028,0.243478898,0.03,0.794900901,2.165283291,0.511247444,0.413593438,,,0,0.032,0.14,0.847894295,3.70953754
0.062604079,0.019261905,0.525,9.895821928,0.0601125,0.05,,0.027245359,0.513552796,0.05,0.942459231,3.608805485,0.852079073,0.689322396,,,0,0.06,0.2,1.130951078,3.769836925
0.046919138,0,0.525,7.907390403,0.0601125,0.0601125,,0.035479952,0.534388258,0.0601125,0.905396201,4.338686395,1.024412065,0.828737851,,,0,0.081,0.25,1.219997376,3.765424001
0.035790932,0,0.525,6.40596241,0.0601125,0.0601125,,0.041322261,0.504207333,0.0601125,0.733482696,4.338686395,1.024412065,0.828737851,,,0,0.092,0.35,1.122568651,4.270641607
0.109654973,0.05847619,0.525,15.30322543,0.0777,0.047,,0.020131139,0.586802585,0.047,1.370003039,3.392277156,0.800954329,0.647963052,,,0,0.064,0.19,1.865536053,5.538310157
0.082963881,0.043238095,0.525,12.31866204,0.0777,0.055,,0.034143962,0.80115797,0.055,1.2905265,3.969686034,0.93728698,0.758254636,,,0,0.082,0.22,1.924057691,5.162106
0.069853619,0.024190476,0.525,10.77614493,0.0777,0.065,,0.04102685,0.84211673,0.065,1.334189372,4.691447131,1.107702795,0.896119115,,,0,0.095,0.25,1.949969082,5.131497585
0.055125548,0.001333333,0.525,8.963546564,0.0777,0.077,,0.048759087,0.832484471,0.077,1.314653496,5.557560447,1.312201772,1.06155649,,,0,0.118,0.27,2.014663799,4.609823947
0.018291019,0.0185,1.5,13.87526394,0.093,0.06525,,,0,0.06525,0.603573981,4.601226994,2.879904665,2.879904665,,,0,0.298,0.9,2.756552435,8.325158361
0.021568085,0.024,1.5,15.77283159,0.093,0.057,,,0,0.057,0.5993676,4.019462661,2.515778788,2.515778788,,,0,0.2354,0.725,2.475283037,7.623535268
0.033039775,0.0446,1.5,21.97728027,0.093,0.0261,,,0,0.0261,0.382404677,1.840490798,1.151961866,1.151961866,,,0,0.1587,0.5,2.325196253,7.325760091
0.040460698,0.0524,1.5,25.72856166,0.093,0.0144,,,0,0.0144,0.246994192,1.015443199,0.635565167,0.635565167,,,0,0.0958,0.35,1.643197472,6.003331055
0.025892457,0.0387,1.5,18.18173928,0.093,0.03495,,,0,0.03495,0.423634525,2.464565263,1.542569625,1.542569625,,,0,0.1814,0.6,2.198778336,7.27269571
0.026114235,0.0252,1.5,18.30274974,0.12,0.0822,,,0,0.0822,1.002990686,5.796488259,3.628017831,3.628017831,,,0,0.2316,0.5,2.82594456,6.100916581
0.033039775,0.0377,1.5,21.97728027,0.12,0.06345,,,0,0.06345,0.929638956,4.474296594,2.800459019,2.800459019,,,0,0.1907,0.45,2.794044899,6.593184082
0.021568085,0.0205,1.5,15.77283159,0.12,0.08925,,,0,0.08925,0.938483479,6.293632325,3.939179944,3.939179944,,,0,0.2562,0.6,2.693999635,6.309132635
0.018291019,0.0161,1.5,13.87526394,0.12,0.09585,,,0,0.09585,0.886629365,6.759043791,4.230480646,4.230480646,,,0,0.2751,0.7,2.544723406,6.47512317
0.029280918,0.0287,1.5,20.00680041,0.12,0.07695,,,0,0.07695,1.026348861,5.426274593,3.396301364,3.396301364,,,0,0.2085,0.46,2.780945257,6.135418792
0.053302018,0.056,1.5,31.88038105,0.12,0.036,,,0,0.036,0.765129145,2.538607997,1.588912919,1.588912919,,,0,0.1077,0.26,2.289011359,5.525932715
0.030479173,0.036,1.5,20.6407445,0.0675,0.0135,,,0,0.0135,0.1857667,0.951977999,0.595842345,0.595842345,,,0,0.0776,0.4,1.067814515,5.504198532
0.022660222,0.0315,1.5,16.39060572,0.0675,0.02025,,,0,0.02025,0.221273177,1.427966998,0.893763517,0.893763517,,,0,0.126,0.625,1.376810881,6.82941905
0.020191224,0.0222,1.5,14.98397924,0.0675,0.0342,,,0,0.0342,0.341634727,2.411677597,1.509467273,1.509467273,,,0,0.1631,0.7,1.629258009,6.992523644
0.026114235,0.0339,1.5,18.30274974,0.0675,0.01665,,,0,0.01665,0.203160522,1.174106198,0.734872225,0.734872225,,,0,0.1256,0.575,1.532550245,7.016054068
0.018137205,0.018,1.5,13.7844271,0.0675,0.0405,,,0,0.0405,0.372179532,2.855933996,1.787527034,1.787527034,,,0,0.1674,0.775,1.538342065,7.121954003
0.019571527,0.0265,1.5,14.62505982,0.093,0.05325,,,0,0.05325,0.519189624,3.755024328,2.350267026,2.350267026,,,0,0.2402,0.675,2.341959579,6.581276919
0.019571527,0.0185,1.5,14.62505982,0.093,0.06525,,,0,0.06525,0.636190102,4.601226994,2.879904665,2.879904665,,,0,0.2365,0.695,2.305884432,6.776277717
0.028582355,0.0397,1.5,19.63456732,0.093,0.03345,,,0,0.03345,0.437850851,2.35878993,1.47636492,1.47636492,,,0,0.1687,0.51,2.208234338,6.675752888
0.028582355,0.0293,1.5,19.63456732,0.093,0.04905,,,0,0.04905,0.642050351,3.458853395,2.164893852,2.164893852,,,0,0.1699,0.525,2.223941992,6.872098561
0.028582355,0.0237,1.5,19.63456732,0.093,0.05745,,,0,0.05745,0.752003928,4.051195261,2.535640199,2.535640199,,,0,0.2065,0.6,2.703025434,7.853826927
0.028582355,0.0149,1.5,19.63456732,0.093,0.07065,,,0,0.07065,0.924788121,4.982018193,3.118241603,3.118241603,,,0,0.2007,0.6,2.627105107,7.853826927
0.023606537,0.0223,1.5,16.92055718,0.12,0.08655,,,0,0.08655,0.976316149,6.103236725,3.820011475,3.820011475,,,0,0.2433,0.505,2.744514375,5.696587585
0.023606537,0.0183,1.5,16.92055718,0.12,0.09255,,,0,0.09255,1.043998378,6.526338058,4.084830295,4.084830295,,,0,0.25,0.525,2.820092864,5.922195014
0.029280918,0.02,1.5,20.00680041,0.12,0.09,,,0,0.09,1.200408025,6.346519992,3.972282297,3.972282297,,,0,0.207,0.425,2.760938456,5.668593449
0.029280918,0.0301,1.5,20.00680041,0.12,0.07485,,,0,0.07485,0.99833934,5.278189126,3.303614777,3.303614777,,,0,0.202,0.45,2.694249122,6.002040123
0.019876144,0.004,1.5,14.80180038,0.12,0.114,,,0,0.114,1.124936829,8.038925323,5.031557576,5.031557576,,,0,0.276,0.65,2.723531269,6.414113496
0.019876144,0.0096,1.5,14.80180038,0.12,0.1056,,,0,0.1056,1.042046746,7.446583457,4.660811228,4.660811228,,,0,0.2633,0.65,2.598209359,6.414113496
0.018291019,0,0.75,6.937631968,0.0465,0.0465,,,0,0.0465,0.430133182,3.279035329,2.052345853,2.052345853,,,0,0.172,0.75,1.591030265,6.937631968
0.021568085,0,0.75,7.886415794,0.0465,0.0465,,,0,0.0465,0.488957779,3.279035329,2.052345853,2.052345853,,,0,0.138,0.7,1.451100506,7.360654741
0.033039775,0.0387,0.75,10.98864014,0.0465,0.017475,,,0,0.017475,0.256035315,1.232282632,0.771284813,0.771284813,,,0,0.063,0.35,0.923045771,5.128032064
0.040460698,0,0.75,12.86428083,0.0465,0.0465,,,0,0.0465,0.797585412,3.279035329,2.052345853,2.052345853,,,0,0.037,0.25,0.634637854,4.288093611
0.025892457,0,0.75,9.090869638,0.0465,0.0465,,,0,0.0465,0.563633918,3.279035329,2.052345853,2.052345853,,,0,0.121,0.55,1.466660302,6.666637734
0.026114235,0,0.75,9.151374872,0.06,0.06,,,0,0.06,0.73210999,4.231013328,2.648188198,2.648188198,,,0,0.156,0.575,1.903485973,7.016054068
0.033039775,0,0.75,10.98864014,0.06,0.06,,,0,0.06,0.879091211,4.231013328,2.648188198,2.648188198,,,0,0.147,0.475,2.153773467,6.959472087
0.021568085,0,0.75,7.886415794,0.06,0.06,,,0,0.06,0.630913264,4.231013328,2.648188198,2.648188198,,,0,0.165,0.675,1.735011475,7.097774215
0.018291019,0,0.75,6.937631968,0.06,0.06,,,0,0.06,0.555010557,4.231013328,2.648188198,2.648188198,,,0,0.173,0.75,1.600280441,6.937631968
0.029280918,0,0.75,10.0034002,0.06,0.06,,,0,0.06,0.800272016,4.231013328,2.648188198,2.648188198,,,0,0.139,0.525,1.853963505,7.002380143
0.053302018,0.056,0.75,15.94019052,0.06,0.018,,,0,0.018,0.382564573,1.269303998,0.794456459,0.794456459,,,0,0.061,0.275,1.296468829,5.844736525
0.030479173,0.036,0.75,10.32037225,0.03375,0.00675,,,0,0.00675,0.09288335,0.475988999,0.297921172,0.297921172,,,0,0.047,0.3,0.646743328,4.128148899
0.022660222,0.0315,0.75,8.19530286,0.03375,0.010125,,,0,0.010125,0.110636589,0.713983499,0.446881758,0.446881758,,,0,0.061,0.35,0.666551299,3.824474668
0.020191224,0.0099,0.75,7.491989619,0.03375,0.026325,,,0,0.026325,0.262968836,1.856357098,1.161892572,1.161892572,,,0,0.063,0.375,0.629327128,3.745994809
0.026114235,0.0273,0.75,9.151374872,0.03375,0.013275,,,0,0.013275,0.161979335,0.936111699,0.585911639,0.585911639,,,0,0.051,0.325,0.622293491,3.965595778
0.018137205,0,0.75,6.892213552,0.03375,0.03375,,,0,0.03375,0.31014961,2.379944997,1.489605861,1.489605861,,,0,0.077,0.55,0.707600591,5.054289938
0.018291019,0,0.75,6.937631968,0.0465,0.0465,,,0,0.0465,0.430133182,3.279035329,2.052345853,2.052345853,,,0,0.16,0.75,1.480028153,6.937631968
0.021568085,0,0.75,7.886415794,0.0465,0.0465,,,0,0.0465,0.488957779,3.279035329,2.052345853,2.052345853,,,0,0.126,0.6,1.324917853,6.309132635
0.033039775,0.0363,0.75,10.98864014,0.0465,0.019275,,,0,0.019275,0.282408052,1.359213032,0.850730459,0.850730459,,,0,0.064,0.35,0.937697292,5.128032064
0.040460698,0.05,0.75,12.86428083,0.0465,0.009,,,0,0.009,0.15437137,0.634651999,0.39722823,0.39722823,,,0,0.047,0.3,0.806161599,5.145712333
0.025892457,0,0.75,9.090869638,0.0465,0.0465,,,0,0.0465,0.563633918,3.279035329,2.052345853,2.052345853,,,0,0.115,0.5,1.393933344,6.060579758
0.026114235,0,0.75,9.151374872,0.06,0.06,,,0,0.06,0.73210999,4.231013328,2.648188198,2.648188198,,,0,0.152,0.55,1.854678641,6.711008239
0.033039775,0,0.75,10.98864014,0.06,0.06,,,0,0.06,0.879091211,4.231013328,2.648188198,2.648188198,,,0,0.117,0.425,1.714227861,6.226896078
0.021568085,0,0.75,7.886415794,0.06,0.06,,,0,0.06,0.630913264,4.231013328,2.648188198,2.648188198,,,0,0.165,0.65,1.735011475,6.834893688
0.018291019,0,0.75,6.937631968,0.06,0.06,,,0,0.06,0.555010557,4.231013328,2.648188198,2.648188198,,,0,0.202,0.75,1.868535543,6.937631968
0.029280918,0,0.75,10.0034002,0.06,0.06,,,0,0.06,0.800272016,4.231013328,2.648188198,2.648188198,,,0,0.123,0.45,1.640557634,6.002040123
0.053302018,0.056,0.75,15.94019052,0.06,0.018,,,0,0.018,0.382564573,1.269303998,0.794456459,0.794456459,,,0,0.059,0.3,1.253961654,6.376076209
0.030479173,0.036,0.75,10.32037225,0.03375,0.00675,,,0,0.00675,0.09288335,0.475988999,0.297921172,0.297921172,,,0,0.045,0.275,0.619222335,3.784136491
0.022660222,0.0315,0.75,8.19530286,0.03375,0.010125,,,0,0.010125,0.110636589,0.713983499,0.446881758,0.446881758,,,0,0.051,0.325,0.557280594,3.551297906
0.020191224,0.0099,0.75,7.491989619,0.03375,0.026325,,,0,0.026325,0.262968836,1.856357098,1.161892572,1.161892572,,,0,0.057,0.325,0.569391211,3.246528835
0.026114235,0.0244,0.75,9.151374872,0.03375,0.01545,,,0,0.01545,0.188518322,1.089485932,0.681908461,0.681908461,,,0,0.049,0.325,0.597889825,3.965595778
0.018137205,0,0.75,6.892213552,0.03375,0.03375,,,0,0.03375,0.31014961,2.379944997,1.489605861,1.489605861,,,0,0.067,0.475,0.615704411,4.365068583
0.018291019,0,0.5,4.625087978,0.031,0.031,,,0,0.031,0.286755455,2.186023553,1.368230569,1.368230569,,,0,0.07,0.5,0.647512317,4.625087978
0.021568085,0,0.5,5.257610529,0.031,0.031,,,0,0.031,0.325971853,2.186023553,1.368230569,1.368230569,,,0,0.072,0.475,0.757095916,4.994730003
0.033039775,0.0373,0.5,7.325760091,0.031,0.01235,,,0,0.01235,0.180946274,0.870883577,0.545085404,0.545085404,,,0,0.046,0.3,0.673969928,4.395456055
0.040460698,0.0211,0.5,8.576187221,0.031,0.02045,,,0,0.02045,0.350766057,1.442070376,0.902590811,0.902590811,,,0,0.041,0.25,0.703247352,4.288093611
0.025892457,0,0.5,6.060579758,0.03105,0.03105,,,0,0.03105,0.376362003,2.189549397,1.370437392,1.370437392,,,0,0.055,0.375,0.666663773,4.545434819
0.026114235,0,0.5,6.100916581,0.04,0.04,,,0,0.04,0.488073326,2.820675552,1.765458799,1.765458799,,,0,0.114,0.5,1.391008981,6.100916581
0.033039775,0,0.5,7.325760091,0.04,0.04,,,0,0.04,0.586060807,2.820675552,1.765458799,1.765458799,,,0,0.102,0.425,1.494455059,6.226896078
0.021568085,0,0.5,5.257610529,0.04,0.04,,,0,0.04,0.420608842,2.820675552,1.765458799,1.765458799,,,0,0.113,0.5,1.18821998,5.257610529
0.018291019,0,0.5,4.625087978,0.04,0.04,,,0,0.04,0.370007038,2.820675552,1.765458799,1.765458799,,,0,0.107,0.5,0.989768827,4.625087978
0.029280918,0,0.5,6.66893347,0.04,0.04,,,0,0.04,0.533514678,2.820675552,1.765458799,1.765458799,,,0,0.096,0.42,1.280435226,5.601904114
0.053302018,0.056,0.5,10.62679368,0.04,0.012,,,0,0.012,0.255043048,0.846202666,0.52963764,0.52963764,,,0,0.05,0.2,1.062679368,4.250717473
0.030479173,0,0.5,6.880248165,0.0225,0.0225,,,0,0.0225,0.309611167,1.586629998,0.993070574,0.993070574,,,0,0.046,0.26,0.632982831,3.577729046
0.022660222,0,0.5,5.46353524,0.0225,0.0225,,,0,0.0225,0.245859086,1.586629998,0.993070574,0.993070574,,,0,0.024,0.325,0.262249692,3.551297906
0.020191224,0,0.5,4.994659746,0.0225,0.0225,,,0,0.0225,0.224759689,1.586629998,0.993070574,0.993070574,,,0,0.046,0.35,0.459508697,3.496261822
0.026114235,0,0.5,6.100916581,0.0225,0.0225,,,0,0.0225,0.274541246,1.586629998,0.993070574,0.993070574,,,0,0.051,0.325,0.622293491,3.965595778
0.018137205,0,0.5,4.594809034,0.0225,0.0225,,,0,0.0225,0.206766407,1.586629998,0.993070574,0.993070574,,,0,0.053,0.4,0.487049758,3.675847227
0.019571527,0,0.5,4.87501994,0.031,0.031,,,0,0.031,0.302251236,2.186023553,1.368230569,1.368230569,,,0,0.079,0.51,0.770253151,4.972520339
0.019571527,0,0.5,4.87501994,0.031,0.031,,,0,0.031,0.302251236,2.186023553,1.368230569,1.368230569,,,0,0.08,0.49,0.78000319,4.777519541
0.028582355,0,0.5,6.544855773,0.031,0.031,,,0,0.031,0.405781058,2.186023553,1.368230569,1.368230569,,,0,0.105,0.51,1.374419712,6.675752888
0.028582355,0,0.5,6.544855773,0.031,0.031,,,0,0.031,0.405781058,2.186023553,1.368230569,1.368230569,,,0,0.053,0.38,0.693754712,4.974090387
0.023606537,0,0.5,5.640185727,0.031,0.031,,,0,0.031,0.349691515,2.186023553,1.368230569,1.368230569,,,0,0.082,0.475,0.924990459,5.358176441
0.023606537,0,0.5,5.640185727,0.031,0.031,,,0,0.031,0.349691515,2.186023553,1.368230569,1.368230569,,,0,0.069,0.425,0.77834563,4.794157868
0.023606537,0,0.5,5.640185727,0.04,0.04,,,0,0.04,0.451214858,2.820675552,1.765458799,1.765458799,,,0,0.095,0.51,1.071635288,5.752989442
0.023606537,0,0.5,5.640185727,0.04,0.04,,,0,0.04,0.451214858,2.820675552,1.765458799,1.765458799,,,0,0.133,0.49,1.500289403,5.527382013
0.029280918,0,0.5,6.66893347,0.04,0.04,,,0,0.04,0.533514678,2.820675552,1.765458799,1.765458799,,,0,0.124,0.51,1.6538955,6.802312139
0.029280918,0,0.5,6.66893347,0.04,0.04,,,0,0.04,0.533514678,2.820675552,1.765458799,1.765458799,,,0,0.121,0.425,1.6138819,5.668593449
0.019876144,0,0.5,4.933933458,0.04,0.04,,,0,0.04,0.394714677,2.820675552,1.765458799,1.765458799,,,0,0.104,0.51,1.026258159,5.032612128
0.019876144,0,0.5,4.933933458,0.04,0.04,,,0,0.04,0.394714677,2.820675552,1.765458799,1.765458799,,,0,0.125,0.49,1.233483365,4.835254789
0.028582355,0.028,2,26.17942309,0.084,0.034,0.028,0.028,0.366511923,0.028,0.366511923,1.974472886,1.235821159,1.235821159,,,0,0.09,0.48,1.178074039,6.283061542
0.028582355,0.034,2,26.17942309,0.084,0.026,0.016,0.02,0.261794231,0.016,0.209435385,1.128270221,0.706183519,0.706183519,,,21.4,0.056,0.43,0.733023847,5.628575965
0.028582355,0.036,2,26.17942309,0.084,0.022,0.012,0.017,0.222525096,0.012,0.157076539,0.846202666,0.52963764,0.52963764,,,42.6,0.055,0.33,0.719934135,4.31960481
0.028582355,0.04,2,26.17942309,0.084,0.012,0.004,0.005,0.065448558,0.004,0.052358846,0.282067555,0.17654588,0.17654588,,,71,0.047,0.33,0.615216443,4.31960481
0.024065665,0.024,2,22.90129045,0.084,0.038,0.036,0.035,0.400772583,0.036,0.412223228,2.538607997,1.588912919,1.588912919,,,0,0.145,0.63,1.660343557,7.213906491
0.024065665,0.029,2,22.90129045,0.084,0.026,0.026,0.024,0.274815485,0.026,0.297716776,1.833439109,1.147548219,1.147548219,,,21.4,0.077,0.58,0.881699682,6.64137423
0.024065665,0.032,2,22.90129045,0.084,0.016,0.02,0.016,0.183210324,0.02,0.229012904,1.410337776,0.882729399,0.882729399,,,42.6,0.068,0.38,0.778643875,4.351245185
0.024065665,0.035,2,22.90129045,0.084,0.018,0.014,0.012,0.137407743,0.014,0.160309033,0.987236443,0.61791058,0.61791058,,,71,0.057,0.41,0.652686778,4.694764542
0.020855066,0.023,2,20.48768288,0.084,0.034,0.038,0.038,0.389265975,0.038,0.389265975,2.679641774,1.677185859,1.677185859,,,0,0.173,0.73,1.772184569,7.478004252
0.020855066,0.026,2,20.48768288,0.084,0.03,0.032,0.033,0.338046768,0.032,0.327802926,2.256540441,1.412367039,1.412367039,,,21.4,0.132,0.63,1.35218707,6.453620108
0.020855066,0.029,2,20.48768288,0.084,0.026,0.026,0.026,0.266339877,0.026,0.266339877,1.833439109,1.147548219,1.147548219,,,42.6,0.094,0.65,0.962921095,6.658496937
0.020855066,0.031,2,20.48768288,0.084,0.026,0.022,0.02,0.204876829,0.022,0.225364512,1.551371553,0.971002339,0.971002339,,,71,0.081,0.48,0.829751157,4.917043892
0.028582355,0.028,2,26.17942309,0.1,0.046,0.044,0.043,0.562857596,0.044,0.575947308,3.102743107,1.942004678,1.942004678,,,0,0.173,0.6,2.264520097,7.853826927
0.028582355,0.036,2,26.17942309,0.1,0.028,0.028,0.026,0.3403325,0.028,0.366511923,1.974472886,1.235821159,1.235821159,,,21.4,0.096,0.43,1.256612308,5.628575965
0.028582355,0.039,2,26.17942309,0.1,0.03,0.022,0.024,0.314153077,0.022,0.287973654,1.551371553,0.971002339,0.971002339,,,42.6,0.084,0.5,1.09953577,6.544855773
0.028582355,0.041,2,26.17942309,0.1,0.026,0.018,0.018,0.235614808,0.018,0.235614808,1.269303998,0.794456459,0.794456459,,,71,0.069,0.41,0.903190097,5.366781734
0.024065665,0.026,2,22.90129045,0.1,0.052,0.048,0.048,0.549630971,0.048,0.549630971,3.384810662,2.118550558,2.118550558,,,0,0.21,0.68,2.404635497,7.786438752
0.024065665,0.031,2,22.90129045,0.1,0.034,0.038,0.037,0.423673873,0.038,0.435124518,2.679641774,1.677185859,1.677185859,,,21.4,0.144,0.53,1.648892912,6.068841968
0.024065665,0.032,2,22.90129045,0.1,0.038,0.036,0.035,0.400772583,0.036,0.412223228,2.538607997,1.588912919,1.588912919,,,42.6,0.122,0.58,1.396978717,6.64137423
0.024065665,0.035,2,22.90129045,0.1,0.034,0.03,0.029,0.332068711,0.03,0.343519357,2.115506664,1.324094099,1.324094099,,,71,0.097,0.45,1.110712587,5.15279035
0.020855066,0.021,2,20.48768288,0.1,0.064,0.058,0.058,0.594142804,0.058,0.594142804,4.08997955,2.559915258,2.559915258,,,0,0.243,0.78,2.48925347,7.990196324
0.020855066,0.029,2,20.48768288,0.1,0.042,0.042,0.042,0.430241341,0.042,0.430241341,2.961709329,1.853731739,1.853731739,,,21.4,0.176,0.68,1.802916094,6.96581218
0.020855066,0.03,2,20.48768288,0.1,0.042,0.04,0.039,0.399509816,0.04,0.409753658,2.820675552,1.765458799,1.765458799,,,42.6,0.172,0.68,1.761940728,6.96581218
0.020855066,0.035,2,20.48768288,0.1,0.032,0.03,0.03,0.307315243,0.03,0.307315243,2.115506664,1.324094099,1.324094099,,,71,0.13,0.63,1.331699387,6.453620108
0.028582355,0.029,2,26.17942309,0.124,0.064,0.066,0.065,0.85083125,0.066,0.863920962,4.65411466,2.913007018,2.913007018,,,0,0.215,0.56,2.814287982,7.330238466
0.028582355,0.036,2,26.17942309,0.124,0.048,0.052,0.051,0.667575289,0.052,0.680665,3.666878217,2.295096438,2.295096438,,,21.4,0.174,0.53,2.277609809,6.937547119
0.028582355,0.039,2,26.17942309,0.124,0.062,0.046,0.051,0.667575289,0.046,0.602126731,3.243776885,2.030277618,2.030277618,,,42.6,0.155,0.55,2.02890529,7.19934135
0.028582355,0.039,2,26.17942309,0.124,0.046,0.046,0.046,0.602126731,0.046,0.602126731,3.243776885,2.030277618,2.030277618,,,71,0.142,0.46,1.858739039,6.021267311
0.024065665,0.025,2,22.90129045,0.124,0.076,0.074,0.075,0.858798392,0.074,0.847347747,5.218249771,3.266098777,3.266098777,,,0,0.238,0.63,2.725253563,7.213906491
0.024065665,0.03,2,22.90129045,0.124,0.066,0.064,0.061,0.698489359,0.064,0.732841294,4.513080883,2.824734078,2.824734078,,,21.4,0.209,0.58,2.393184852,6.64137423
0.024065665,0.034,2,22.90129045,0.124,0.056,0.056,0.056,0.641236133,0.056,0.641236133,3.948945773,2.471642318,2.471642318,,,42.6,0.194,0.58,2.221425173,6.64137423
0.024065665,0.037,2,22.90129045,0.124,0.054,0.05,0.05,0.572532261,0.05,0.572532261,3.52584444,2.206823498,2.206823498,,,71,0.195,0.55,2.232875819,6.297854873
0.020855066,0.021,2,20.48768288,0.124,0.084,0.082,0.082,0.839994998,0.082,0.839994998,5.782384881,3.619190537,3.619190537,,,0,0.267,0.63,2.735105665,6.453620108
0.020855066,0.026,2,20.48768288,0.124,0.076,0.072,0.07,0.717068901,0.072,0.737556584,5.077215993,3.177825837,3.177825837,,,21.4,0.232,0.68,2.376571214,6.96581218
0.020855066,0.029,2,20.48768288,0.124,0.066,0.066,0.066,0.676093535,0.066,0.676093535,4.65411466,2.913007018,2.913007018,,,42.6,0.232,0.63,2.376571214,6.453620108
0.020855066,0.031,2,20.48768288,0.124,0.062,0.062,0.059,0.604386645,0.062,0.635118169,4.372047105,2.736461138,2.736461138,,,71,0.208,0.63,2.13071902,6.453620108
0.028582355,0.026,2,26.17942309,0.148,0.098,0.096,0.093,1.217343174,0.096,1.256612308,6.769621324,4.237101117,4.237101117,,,0,0.24,0.53,3.141530771,6.937547119
0.028582355,0.035,2,26.17942309,0.148,0.074,0.078,0.071,0.92936952,0.078,1.020997501,5.500317326,3.442644657,3.442644657,,,21.4,0.19,0.48,2.487045194,6.283061542
0.028582355,0.036,2,26.17942309,0.148,0.082,0.076,0.075,0.981728366,0.076,0.994818077,5.359283548,3.354371717,3.354371717,,,35.6,0.203,0.45,2.657211444,5.890370196
0.028582355,0.041,2,26.17942309,0.148,0.064,0.066,0.065,0.85083125,0.066,0.863920962,4.65411466,2.913007018,2.913007018,,,71,0.177,0.45,2.316878944,5.890370196
0.024065665,0.022,2,22.90129045,0.148,0.1,0.104,0.1,1.145064522,0.104,1.190867103,7.333756435,4.590192876,4.590192876,,,0,0.27,0.55,3.09167421,6.297854873
0.024065665,0.032,2,22.90129045,0.148,0.082,0.084,0.083,0.950403554,0.084,0.961854199,5.923418659,3.707463477,3.707463477,,,35.6,0.238,0.56,2.725253563,6.412361325
0.024065665,0.032,2,22.90129045,0.148,0.082,0.084,0.083,0.950403554,0.084,0.961854199,5.923418659,3.707463477,3.707463477,,,42.6,0.228,0.6,2.610747111,6.870387134
0.024065665,0.037,2,22.90129045,0.148,0.076,0.074,0.07,0.801545166,0.074,0.847347747,5.218249771,3.266098777,3.266098777,,,71,0.219,0.55,2.507691304,6.297854873
0.020855066,0.022,2,20.48768288,0.148,0.11,0.104,0.103,1.055115668,0.104,1.06535951,7.333756435,4.590192876,4.590192876,,,0,0.288,0.68,2.950226335,6.96581218
0.020855066,0.027,2,20.48768288,0.148,0.092,0.094,0.093,0.952677254,0.094,0.962921095,6.628587547,4.148828177,4.148828177,,,21.4,0.255,0.63,2.612179568,6.453620108
0.020855066,0.028,2,20.48768288,0.148,0.088,0.092,0.091,0.932189571,0.092,0.942433413,6.487553769,4.060555237,4.060555237,,,42.6,0.251,0.63,2.571204202,6.453620108
0.020855066,0.03,2,20.48768288,0.148,0.082,0.088,0.088,0.901458047,0.088,0.901458047,6.205486214,3.884009357,3.884009357,,,71,0.25,0.61,2.56096036,6.248743279
0.028582355,0.028,1.5,19.63456732,0.063,0.0225,0.021,0.021,0.274883942,0.021,0.274883942,1.480854665,0.926865869,0.926865869,,,0,0.06,0.38,0.785382693,4.974090387
0.028582355,0.034,1.5,19.63456732,0.063,0.012,0.012,0.015,0.196345673,0.012,0.157076539,0.846202666,0.52963764,0.52963764,,,21.4,0.05,0.38,0.654485577,4.974090387
0.028582355,0.036,1.5,19.63456732,0.063,0.006,0.009,0.013,0.17016625,0.009,0.117807404,0.634651999,0.39722823,0.39722823,,,42.6,0.049,0.43,0.641395866,5.628575965
0.028582355,0.04,1.5,19.63456732,0.063,0.003,0.003,0.004,0.052358846,0.003,0.039269135,0.211550666,0.13240941,0.13240941,,,71,0.041,0.33,0.536678173,4.31960481
0.024065665,0.024,1.5,17.17596783,0.063,0.0285,0.027,0.027,0.309167421,0.027,0.309167421,1.903955997,1.191684689,1.191684689,,,0,0.11,0.68,1.259570975,7.786438752
0.024065665,0.029,1.5,17.17596783,0.063,0.015,0.0195,0.018,0.206111614,0.0195,0.223287582,1.375079331,0.860661164,0.860661164,,,21.4,0.075,0.38,0.858798392,4.351245185
0.024065665,0.032,1.5,17.17596783,0.063,0.012,0.015,0.012,0.137407743,0.015,0.171759678,1.057753332,0.662047049,0.662047049,,,42.6,0.061,0.43,0.698489359,4.923777446
0.024065665,0.035,1.5,17.17596783,0.063,0.0075,0.0105,0.009,0.103055807,0.0105,0.120231775,0.740427332,0.463432935,0.463432935,,,71,0.058,0.35,0.664137423,4.007725828
0.020855066,0.023,1.5,15.36576216,0.063,0.039,0.0285,0.028,0.28682756,0.0285,0.291949481,2.009731331,1.257889394,1.257889394,,,0,0.143,0.61,1.464869326,6.248743279
0.020855066,0.026,1.5,15.36576216,0.063,0.0255,0.024,0.025,0.256096036,0.024,0.245852195,1.692405331,1.059275279,1.059275279,,,21.4,0.089,0.63,0.911701888,6.453620108
0.020855066,0.029,1.5,15.36576216,0.063,0.021,0.0195,0.02,0.204876829,0.0195,0.199754908,1.375079331,0.860661164,0.860661164,,,42.6,0.073,0.48,0.747800425,4.917043892
0.020855066,0.031,1.5,15.36576216,0.063,0.0135,0.0165,0.015,0.153657622,0.0165,0.169023384,1.163528665,0.728251754,0.728251754,,,71,0.071,0.43,0.727312742,4.40485182
0.028582355,0.028,1.5,19.63456732,0.075,0.033,0.033,0.032,0.418870769,0.033,0.431960481,2.32705733,1.456503509,1.456503509,,,0,0.145,0.58,1.898008174,7.592032696
0.028582355,0.036,1.5,19.63456732,0.075,0.021,0.021,0.019,0.248704519,0.021,0.274883942,1.480854665,0.926865869,0.926865869,,,21.4,0.092,0.38,1.204253462,4.974090387
0.028582355,0.039,1.5,19.63456732,0.075,0.018,0.0165,0.018,0.235614808,0.0165,0.215980241,1.163528665,0.728251754,0.728251754,,,42.6,0.07,0.38,0.916279808,4.974090387
0.028582355,0.041,1.5,19.63456732,0.075,0.012,0.0135,0.014,0.183255962,0.0135,0.176711106,0.951977999,0.595842345,0.595842345,,,71,0.058,0.33,0.75920327,4.31960481
0.024065665,0.026,1.5,17.17596783,0.075,0.0345,0.036,0.036,0.412223228,0.036,0.412223228,2.538607997,1.588912919,1.588912919,,,0,0.175,0.65,2.003862914,7.442919395
0.024065665,0.031,1.5,17.17596783,0.075,0.0315,0.0285,0.028,0.320618066,0.0285,0.326343389,2.009731331,1.257889394,1.257889394,,,21.4,0.122,0.53,1.396978717,6.068841968
0.024065665,0.032,1.5,17.17596783,0.075,0.0255,0.027,0.026,0.297716776,0.027,0.309167421,1.903955997,1.191684689,1.191684689,,,42.6,0.106,0.53,1.213768394,6.068841968
0.024065665,0.035,1.5,17.17596783,0.075,0.0225,0.0225,0.022,0.251914195,0.0225,0.257639518,1.586629998,0.993070574,0.993070574,,,71,0.087,0.43,0.996206134,4.923777446
0.020855066,0.021,1.5,15.36576216,0.075,0.0405,0.0435,0.043,0.440485182,0.0435,0.445607103,3.067484663,1.919936443,1.919936443,,,0,0.228,0.88,2.335595849,9.014580468
0.020855066,0.029,1.5,15.36576216,0.075,0.0375,0.0315,0.031,0.317559085,0.0315,0.322681005,2.221281997,1.390298804,1.390298804,,,21.4,0.136,0.68,1.393162436,6.96581218
0.020855066,0.03,1.5,15.36576216,0.075,0.024,0.03,0.029,0.297071402,0.03,0.307315243,2.115506664,1.324094099,1.324094099,,,42.6,0.13,0.63,1.331699387,6.453620108
0.020855066,0.035,1.5,15.36576216,0.075,0.0225,0.0225,0.023,0.235608353,0.0225,0.230486432,1.586629998,0.993070574,0.993070574,,,71,0.107,0.5,1.096091034,5.121920721
0.028582355,0.029,1.5,19.63456732,0.093,0.0525,0.0495,0.048,0.628306154,0.0495,0.647940722,3.490585995,2.184755263,2.184755263,,,0,0.175,0.58,2.29069952,7.592032696
0.028582355,0.036,1.5,19.63456732,0.093,0.045,0.039,0.038,0.497409039,0.039,0.51049875,2.750158663,1.721322329,1.721322329,,,21.4,0.158,0.5,2.068174424,6.544855773
0.028582355,0.039,1.5,19.63456732,0.093,0.036,0.0345,0.039,0.51049875,0.0345,0.451595048,2.432832663,1.522708214,1.522708214,,,42.6,0.133,0.48,1.740931636,6.283061542
0.028582355,0.039,1.5,19.63456732,0.093,0.033,0.0345,0.035,0.458139904,0.0345,0.451595048,2.432832663,1.522708214,1.522708214,,,71,0.121,0.48,1.583855097,6.283061542
0.024065665,0.025,1.5,17.17596783,0.093,0.06,0.0555,0.056,0.641236133,0.0555,0.63551081,3.913687328,2.449574083,2.449574083,,,0,0.21,0.63,2.404635497,7.213906491
0.024065665,0.03,1.5,17.17596783,0.093,0.0465,0.048,0.046,0.52672968,0.048,0.549630971,3.384810662,2.118550558,2.118550558,,,21.4,0.194,0.58,2.221425173,6.64137423
0.024065665,0.034,1.5,17.17596783,0.093,0.042,0.042,0.042,0.480927099,0.042,0.480927099,2.961709329,1.853731739,1.853731739,,,42.6,0.176,0.58,2.015313559,6.64137423
0.024065665,0.037,1.5,17.17596783,0.093,0.03,0.0375,0.037,0.423673873,0.0375,0.429399196,2.64438333,1.655117624,1.655117624,,,71,0.172,0.56,1.969510978,6.412361325
0.020855066,0.021,1.5,15.36576216,0.093,0.0585,0.0615,0.061,0.624874328,0.0615,0.629996249,4.336788661,2.714392903,2.714392903,,,0,0.25,0.65,2.56096036,6.658496937
0.020855066,0.026,1.5,15.36576216,0.093,0.0495,0.054,0.053,0.542923596,0.054,0.553167438,3.807911995,2.383369378,2.383369378,,,21.4,0.213,0.73,2.181938227,7.478004252
0.020855066,0.029,1.5,15.36576216,0.093,0.051,0.0495,0.05,0.512192072,0.0495,0.507070151,3.490585995,2.184755263,2.184755263,,,42.6,0.196,0.63,2.007792922,6.453620108
0.020855066,0.031,1.5,15.36576216,0.093,0.0465,0.0465,0.044,0.450729023,0.0465,0.476338627,3.279035329,2.052345853,2.052345853,,,71,0.166,0.63,1.700477679,6.453620108
0.028582355,0.026,1.5,19.63456732,0.111,0.075,0.072,0.07,0.916279808,0.072,0.942459231,5.077215993,3.177825837,3.177825837,,,0,0.213,0.48,2.788108559,6.283061542
0.028582355,0.035,1.5,19.63456732,0.111,0.051,0.0585,0.053,0.693754712,0.0585,0.765748125,4.125237994,2.581983493,2.581983493,,,21.4,0.162,0.48,2.12053327,6.283061542
0.028582355,0.036,1.5,19.63456732,0.111,0.0495,0.057,0.056,0.733023847,0.057,0.746113558,4.019462661,2.515778788,2.515778788,,,35.6,0.184,0.45,2.408506924,5.890370196
0.028582355,0.041,1.5,19.63456732,0.111,0.0495,0.0495,0.049,0.641395866,0.0495,0.647940722,3.490585995,2.184755263,2.184755263,,,71,0.152,0.48,1.989636155,6.283061542
0.024065665,0.022,1.5,17.17596783,0.111,0.0795,0.078,0.075,0.858798392,0.078,0.893150327,5.500317326,3.442644657,3.442644657,,,0,0.24,0.53,2.748154854,6.068841968
0.024065665,0.032,1.5,17.17596783,0.111,0.063,0.063,0.063,0.721390649,0.063,0.721390649,4.442563994,2.780597608,2.780597608,,,35.6,0.21,0.56,2.404635497,6.412361325
0.024065665,0.032,1.5,17.17596783,0.111,0.0615,0.063,0.063,0.721390649,0.063,0.721390649,4.442563994,2.780597608,2.780597608,,,42.6,0.197,0.6,2.255777109,6.870387134
0.024065665,0.037,1.5,17.17596783,0.111,0.0435,0.0555,0.052,0.595433552,0.0555,0.63551081,3.913687328,2.449574083,2.449574083,,,71,0.19,0.54,2.175622592,6.183348421
0.020855066,0.022,1.5,15.36576216,0.111,0.0795,0.078,0.077,0.788775791,0.078,0.799019632,5.500317326,3.442644657,3.442644657,,,0,0.248,0.68,2.540472677,6.96581218
0.020855066,0.027,1.5,15.36576216,0.111,0.069,0.0705,0.07,0.717068901,0.0705,0.722190822,4.97144066,3.111621133,3.111621133,,,21.4,0.241,0.68,2.468765787,6.96581218
0.020855066,0.028,1.5,15.36576216,0.111,0.072,0.069,0.068,0.696581218,0.069,0.706825059,4.865665327,3.045416428,3.045416428,,,42.6,0.217,0.66,2.222913593,6.760935351
0.020855066,0.03,1.5,15.36576216,0.111,0.075,0.066,0.066,0.676093535,0.066,0.676093535,4.65411466,2.913007018,2.913007018,,,71,0.215,0.68,2.20242591,6.96581218
0.028582355,0.028,2,26.17942309,0.084,0.02,0.028,0.028,0.366511923,0.028,0.366511923,1.974472886,1.235821159,1.235821159,,,0,0.095,0.51,1.243522597,6.675752888
0.028582355,0.034,2,26.17942309,0.084,0.016,0.016,0.02,0.261794231,0.016,0.209435385,1.128270221,0.706183519,0.706183519,,,21.4,0.059,0.41,0.772292981,5.366781734
0.028582355,0.036,2,26.17942309,0.084,0.022,0.012,0.017,0.222525096,0.012,0.157076539,0.846202666,0.52963764,0.52963764,,,42.6,0.057,0.41,0.746113558,5.366781734
0.028582355,0.04,2,26.17942309,0.084,0.004,0.004,0.005,0.065448558,0.004,0.052358846,0.282067555,0.17654588,0.17654588,,,71,0.054,0.31,0.706844423,4.057810579
0.024065665,0.024,2,22.90129045,0.084,0.03,0.036,0.035,0.400772583,0.036,0.412223228,2.538607997,1.588912919,1.588912919,,,0,0.148,0.65,1.694695493,7.442919395
0.024065665,0.029,2,22.90129045,0.084,0.028,0.026,0.024,0.274815485,0.026,0.297716776,1.833439109,1.147548219,1.147548219,,,21.4,0.121,0.56,1.385528072,6.412361325
0.024065665,0.032,2,22.90129045,0.084,0.018,0.02,0.016,0.183210324,0.02,0.229012904,1.410337776,0.882729399,0.882729399,,,42.6,0.077,0.61,0.881699682,6.984893586
0.024065665,0.035,2,22.90129045,0.084,0.01,0.014,0.012,0.137407743,0.014,0.160309033,0.987236443,0.61791058,0.61791058,,,71,0.069,0.36,0.79009452,4.12223228
0.020855066,0.023,2,20.48768288,0.084,0.026,0.038,0.038,0.389265975,0.038,0.389265975,2.679641774,1.677185859,1.677185859,,,0,0.163,0.71,1.669746155,7.273127423
0.020855066,0.026,2,20.48768288,0.084,0.036,0.032,0.033,0.338046768,0.032,0.327802926,2.256540441,1.412367039,1.412367039,,,21.4,0.125,0.56,1.28048018,5.736551207
0.020855066,0.029,2,20.48768288,0.084,0.026,0.026,0.026,0.266339877,0.026,0.266339877,1.833439109,1.147548219,1.147548219,,,42.6,0.088,0.56,0.901458047,5.736551207
0.020855066,0.031,2,20.48768288,0.084,0.016,0.022,0.02,0.204876829,0.022,0.225364512,1.551371553,0.971002339,0.971002339,,,71,0.1,0.46,1.024384144,4.712167063
0.028582355,0.028,2,26.17942309,0.1,0.04,0.044,0.043,0.562857596,0.044,0.575947308,3.102743107,1.942004678,1.942004678,,,0,0.18,0.59,2.356148078,7.722929812
0.028582355,0.036,2,26.17942309,0.1,0.02,0.028,0.026,0.3403325,0.028,0.366511923,1.974472886,1.235821159,1.235821159,,,21.4,0.107,0.46,1.400599135,6.021267311
0.028582355,0.039,2,26.17942309,0.1,0.018,0.022,0.024,0.314153077,0.022,0.287973654,1.551371553,0.971002339,0.971002339,,,42.6,0.097,0.39,1.26970202,5.104987503
0.028582355,0.041,2,26.17942309,0.1,0.012,0.018,0.018,0.235614808,0.018,0.235614808,1.269303998,0.794456459,0.794456459,,,71,0.073,0.46,0.955548943,6.021267311
0.024065665,0.026,2,22.90129045,0.1,0.046,0.048,0.048,0.549630971,0.048,0.549630971,3.384810662,2.118550558,2.118550558,,,0,0.208,0.71,2.381734206,8.129958109
0.024065665,0.031,2,22.90129045,0.1,0.036,0.038,0.037,0.423673873,0.038,0.435124518,2.679641774,1.677185859,1.677185859,,,21.4,0.144,0.56,1.648892912,6.412361325
0.024065665,0.032,2,22.90129045,0.1,0.034,0.036,0.035,0.400772583,0.036,0.412223228,2.538607997,1.588912919,1.588912919,,,42.6,0.135,0.51,1.545837105,5.839829064
0.024065665,0.035,2,22.90129045,0.1,0.024,0.03,0.029,0.332068711,0.03,0.343519357,2.115506664,1.324094099,1.324094099,,,71,0.101,0.51,1.156515168,5.839829064
0.020855066,0.021,2,20.48768288,0.1,0.054,0.058,0.058,0.594142804,0.058,0.594142804,4.08997955,2.559915258,2.559915258,,,0,0.235,0.81,2.407302739,8.297511567
0.020855066,0.029,2,20.48768288,0.1,0.034,0.042,0.042,0.430241341,0.042,0.430241341,2.961709329,1.853731739,1.853731739,,,21.4,0.184,0.61,1.884866825,6.248743279
0.020855066,0.03,2,20.48768288,0.1,0.042,0.04,0.039,0.399509816,0.04,0.409753658,2.820675552,1.765458799,1.765458799,,,42.6,0.165,0.7,1.690233838,7.170689009
0.020855066,0.035,2,20.48768288,0.1,0.03,0.03,0.03,0.307315243,0.03,0.307315243,2.115506664,1.324094099,1.324094099,,,71,0.141,0.63,1.444381643,6.453620108
0.028582355,0.029,2,26.17942309,0.124,0.06,0.066,0.065,0.85083125,0.066,0.863920962,4.65411466,2.913007018,2.913007018,,,0,0.2,0.56,2.617942309,7.330238466
0.028582355,0.036,2,26.17942309,0.124,0.044,0.052,0.051,0.667575289,0.052,0.680665,3.666878217,2.295096438,2.295096438,,,21.4,0.165,0.5,2.159802405,6.544855773
0.028582355,0.039,2,26.17942309,0.124,0.044,0.046,0.051,0.667575289,0.046,0.602126731,3.243776885,2.030277618,2.030277618,,,42.6,0.16,0.51,2.094353847,6.675752888
0.028582355,0.039,2,26.17942309,0.124,0.048,0.046,0.046,0.602126731,0.046,0.602126731,3.243776885,2.030277618,2.030277618,,,71,0.139,0.46,1.819469905,6.021267311
0.024065665,0.025,2,22.90129045,0.124,0.068,0.074,0.075,0.858798392,0.074,0.847347747,5.218249771,3.266098777,3.266098777,,,0,0.238,0.61,2.725253563,6.984893586
0.024065665,0.03,2,22.90129045,0.124,0.056,0.064,0.061,0.698489359,0.064,0.732841294,4.513080883,2.824734078,2.824734078,,,21.4,0.211,0.56,2.416086142,6.412361325
0.024065665,0.034,2,22.90129045,0.124,0.056,0.056,0.056,0.641236133,0.056,0.641236133,3.948945773,2.471642318,2.471642318,,,42.6,0.192,0.56,2.198523883,6.412361325
0.024065665,0.037,2,22.90129045,0.124,0.056,0.05,0.05,0.572532261,0.05,0.572532261,3.52584444,2.206823498,2.206823498,,,71,0.188,0.53,2.152721302,6.068841968
0.020855066,0.021,2,20.48768288,0.124,0.086,0.082,0.082,0.839994998,0.082,0.839994998,5.782384881,3.619190537,3.619190537,,,0,0.263,0.61,2.694130299,6.248743279
0.020855066,0.026,2,20.48768288,0.124,0.07,0.072,0.07,0.717068901,0.072,0.737556584,5.077215993,3.177825837,3.177825837,,,21.4,0.251,0.65,2.571204202,6.658496937
0.020855066,0.029,2,20.48768288,0.124,0.066,0.066,0.066,0.676093535,0.066,0.676093535,4.65411466,2.913007018,2.913007018,,,42.6,0.235,0.61,2.407302739,6.248743279
0.020855066,0.031,2,20.48768288,0.124,0.052,0.062,0.059,0.604386645,0.062,0.635118169,4.372047105,2.736461138,2.736461138,,,71,0.196,0.61,2.007792922,6.248743279
0.028582355,0.026,2,26.17942309,0.148,0.084,0.096,0.093,1.217343174,0.096,1.256612308,6.769621324,4.237101117,4.237101117,,,0,0.24,0.54,3.141530771,7.068444235
0.028582355,0.035,2,26.17942309,0.148,0.072,0.078,0.071,0.92936952,0.078,1.020997501,5.500317326,3.442644657,3.442644657,,,21.4,0.208,0.46,2.722660001,6.021267311
0.028582355,0.036,2,26.17942309,0.148,0.076,0.076,0.075,0.981728366,0.076,0.994818077,5.359283548,3.354371717,3.354371717,,,35.6,0.212,0.43,2.775018848,5.628575965
0.028582355,0.041,2,26.17942309,0.148,0.064,0.066,0.065,0.85083125,0.066,0.863920962,4.65411466,2.913007018,2.913007018,,,71,0.181,0.46,2.36923779,6.021267311
0.024065665,0.022,2,22.90129045,0.148,0.094,0.104,0.1,1.145064522,0.104,1.190867103,7.333756435,4.590192876,4.590192876,,,0,0.27,0.53,3.09167421,6.068841968
0.024065665,0.032,2,22.90129045,0.148,0.084,0.084,0.083,0.950403554,0.084,0.961854199,5.923418659,3.707463477,3.707463477,,,35.6,0.244,0.53,2.793957434,6.068841968
0.024065665,0.032,2,22.90129045,0.148,0.086,0.084,0.083,0.950403554,0.084,0.961854199,5.923418659,3.707463477,3.707463477,,,42.6,0.223,0.54,2.553493885,6.183348421
0.024065665,0.037,2,22.90129045,0.148,0.076,0.074,0.07,0.801545166,0.074,0.847347747,5.218249771,3.266098777,3.266098777,,,71,0.216,0.51,2.473339368,5.839829064
0.020855066,0.022,2,20.48768288,0.148,0.092,0.104,0.103,1.055115668,0.104,1.06535951,7.333756435,4.590192876,4.590192876,,,0,0.283,0.66,2.899007128,6.760935351
0.020855066,0.027,2,20.48768288,0.148,0.094,0.094,0.093,0.952677254,0.094,0.962921095,6.628587547,4.148828177,4.148828177,,,21.4,0.274,0.62,2.806812555,6.351181694
0.020855066,0.028,2,20.48768288,0.148,0.088,0.092,0.091,0.932189571,0.092,0.942433413,6.487553769,4.060555237,4.060555237,,,42.6,0.247,0.63,2.530228836,6.453620108
0.020855066,0.03,2,20.48768288,0.148,0.084,0.088,0.088,0.901458047,0.088,0.901458047,6.205486214,3.884009357,3.884009357,,,71,0.254,0.63,2.601935726,6.453620108
0.002794003,0.002794003,1,19.3692028,0.0086,,,0.005805997,0.112457524,0.005805997,0.112457524,1.978867247,1.548678715,1.396847469,0.03,,0,0.039,！a,0.755398909,-
0.001803312,0.001803312,1,13.77883755,0.0086,,,0.006796688,0.09365046,0.006796688,0.09365046,2.316526242,1.812933581,1.635194994,0.054,,0,0.088,！a,1.212537704,-
0.003266605,0.003266605,1,21.87254122,0.0086,,,0.005333395,0.116654908,0.005333395,0.116654908,1.817789804,1.422618107,1.283145744,0.026,,0,0.028,！a,0.612431154,-
0.001542415,0.001542415,1,12.20183316,0.0086,,,0.007057585,0.086115475,0.007057585,0.086115475,2.4054482,1.882524678,1.697963435,0.062,,0,0.105,！a,1.281192482,-
0.002183417,0.002183417,1,15.98892463,0.0086,,,0.006416583,0.102594269,0.006416583,0.102594269,2.186974588,1.71154533,1.543746768,0.043,,0,0.064,！a,1.023291176,-
0.002794003,0.002794003,2,38.7384056,0.0172,,,0.011611993,0.224915047,0.011611993,0.224915047,3.957734494,3.09735743,2.793694937,0.035,,0,0.053,1.2,1.026567748,23.24304336
0.002794003,0.002794003,2,38.7384056,0.0172,,,0.011611993,0.224915047,0.011611993,0.224915047,3.957734494,3.09735743,2.793694937,0.042,,0,0.057,1.3,1.104044559,25.17996364
0.001803312,0.001803312,2,27.5576751,0.0172,,,0.013593376,0.187300919,0.013593376,0.187300919,4.633052484,3.625867161,3.270389989,0.054,,0,0.07,1.6,0.964518628,22.04614008
0.001542415,0.001542415,2,24.40366632,0.0172,,,0.01411517,0.17223095,0.01411517,0.17223095,4.8108964,3.765049357,3.395926871,0.063,,0,0.081,1.8,0.988348486,21.96329969
0.001351507,0.001351507,2,22.02033314,0.0172,,,0.014496986,0.159614233,0.014496986,0.159614233,4.941031414,3.86689415,3.487786881,0.07,,0,0.09,2,0.990914991,22.02033314
0.002794003,0.002794003,4,77.47681119,0.0344,,,0.023223986,0.449830095,0.023223986,0.449830095,7.915468989,6.194714861,5.587389874,0.032,,0,0.076,1.4,1.472059413,27.11688392
0.002183417,0.002183417,4,63.95569851,0.0344,,,0.025666334,0.410377076,0.025666334,0.410377076,8.747898352,6.846181319,6.174987072,0.043,,0,0.09,1.7,1.439003216,27.18117187
0.001803312,0.001803312,4,55.1153502,0.0344,,,0.027186752,0.374601839,0.027186752,0.374601839,9.266104968,7.251734322,6.540779977,0.054,,0,0.112,2.1,1.543229805,28.93555885
0.003266605,0.003266605,4,87.49016488,0.0344,,,0.021333581,0.466619633,0.021333581,0.466619633,7.271159214,5.690472429,5.132582975,0.027,,0,0.065,1.1,1.421715179,24.05979534
0.003266605,0.003266605,3,65.61762366,0.0258,,,0.016000186,0.349964725,0.016000186,0.349964725,5.453369411,4.267854321,3.849437231,0.027,,0,0.05,1,1.093627061,21.87254122
0.002794003,0.002794003,3,58.10760839,0.0258,,,0.01741799,0.337372571,0.01741799,0.337372571,5.936601742,4.646036146,4.190542406,0.035,,0,0.061,1.2,1.181521371,23.24304336
0.002183417,0.002183417,3,47.96677388,0.0258,,,0.01924975,0.307782807,0.01924975,0.307782807,6.560923764,5.134635989,4.631240304,0.043,,0,0.071,1.4,1.135213649,22.38449448
0.001803312,0.001803312,3,41.33651265,0.0258,,,0.020390064,0.280951379,0.020390064,0.280951379,6.949578726,5.438800742,4.905584983,0.052,,0,0.084,1.7,1.157422354,23.42402383
0.001542415,0.001542415,3,36.60549949,0.0258,,,0.021172755,0.258346425,0.021172755,0.258346425,7.2163446,5.647574035,5.093890306,0.062,,0,0.094,2,1.146972317,24.40366632
0.011865387,0.011865387,2,41.90283662,0.06,,,0.036269227,0.759891745,0.036269227,0.759891745,4.227182623,3.32105365,3.32105365,,,0,0.096,,2.011336158,
0.009799776,0.009799776,2,36.11076993,0.06,,,0.040400447,0.729445628,0.040400447,0.729445628,4.708676835,3.699335889,3.699335889,,,0,0.116,,2.094424656,
0.008381978,0.008381978,2,31.97784925,0.06,,,0.043236044,0.691297843,0.043236044,0.691297843,5.039165924,3.958982111,3.958982111,,,0,0.129,,2.062571277,
0.007344522,0.007344522,2,28.85479929,0.06,,,0.045310955,0.653719257,0.045310955,0.653719257,5.280997094,4.148974917,4.148974917,,,0,0.14,,2.01983595,
0.006550224,0.006550224,2,26.39713295,0.06,,,0.046899551,0.619006843,0.046899551,0.619006843,5.466148151,4.294437427,4.294437427,,,0,0.158,,2.085373503,
0.017751779,0.017751779,2,57.32227417,0.08,,,0.044496443,1.275318639,0.044496443,1.275318639,5.186065561,4.074392685,4.074392685,,,0,0.081,,2.321552104,
0.01372547,0.01372547,2,46.92823636,0.08,,,0.05254906,1.233017365,0.05254906,1.233017365,6.124599122,4.811744388,4.811744388,,,0,0.134,,3.144191836,
0.01126456,0.01126456,2,40.24304162,0.08,,,0.05747088,1.156401511,0.05747088,1.156401511,6.698237782,5.262419208,5.262419208,,,0,0.174,,3.501144621,
0.009594543,0.009594543,2,35.52118983,0.08,,,0.060810915,1.08003802,0.060810915,1.08003802,7.087519179,5.568255156,5.568255156,,,0,0.209,,3.711964337,
0.008381978,0.008381978,2,31.97784925,0.08,,,0.063236044,1.011076335,0.063236044,1.011076335,7.370168255,5.790316238,5.790316238,,,0,0.233,,3.725419438,
0.011865387,0.011865387,2,41.90283662,0.06,,,0.036269227,0.759891745,0.036269227,0.759891745,4.227182623,3.32105365,3.32105365,,,0,0.087,,1.822773393,
0.009799776,0.009799776,2,36.11076993,0.06,,,0.040400447,0.729445628,0.040400447,0.729445628,4.708676835,3.699335889,3.699335889,,,0,0.114,,2.058313886,
0.008381978,0.008381978,2,31.97784925,0.06,,,0.043236044,0.691297843,0.043236044,0.691297843,5.039165924,3.958982111,3.958982111,,,0,0.131,,2.094549126,
0.007344522,0.007344522,2,28.85479929,0.06,,,0.045310955,0.653719257,0.045310955,0.653719257,5.280997094,4.148974917,4.148974917,,,0,0.14,,2.01983595,
0.006550224,0.006550224,2,26.39713295,0.06,,,0.046899551,0.619006843,0.046899551,0.619006843,5.466148151,4.294437427,4.294437427,,,0,0.152,,2.006182104,
0.017751779,0.017751779,2,57.32227417,0.08,,,0.044496443,1.275318639,0.044496443,1.275318639,5.186065561,4.074392685,4.074392685,,,0,0.114,,3.267369628,
0.01372547,0.01372547,2,46.92823636,0.08,,,0.05254906,1.233017365,0.05254906,1.233017365,6.124599122,4.811744388,4.811744388,,,0,0.116,,2.721837709,
0.01126456,0.01126456,2,40.24304162,0.08,,,0.05747088,1.156401511,0.05747088,1.156401511,6.698237782,5.262419208,5.262419208,,,0,0.167,,3.360293975,
0.009594543,0.009594543,2,35.52118983,0.08,,,0.060810915,1.08003802,0.060810915,1.08003802,7.087519179,5.568255156,5.568255156,,,0,0.2,,3.552118983,
0.008381978,0.008381978,2,31.97784925,0.08,,,0.063236044,1.011076335,0.063236044,1.011076335,7.370168255,5.790316238,5.790316238,,,0,0.223,,3.565530192,
